Harry Potter,Scarlett OHara,Samwise Gamgee,Elizabeth Bennet
Harry Potter,Elizabeth Bennet,Samwise Gamgee,Scarlett OHara
Scarlett OHara,Samwise Gamgee,Harry Potter,Elizabeth Bennet
Elizabeth Bennet,Harry Potter,Scarlett OHara,Samwise Gamgee
Samwise Gamgee,Harry Potter,Scarlett OHara,Elizabeth Bennet
Samwise Gamgee,Elizabeth Bennet,Harry Potter,Scarlett OHara
Scarlett OHara,Samwise Gamgee,Elizabeth Bennet,Harry Potter
Elizabeth Bennet,Harry Potter,Scarlett OHara,Samwise Gamgee
Samwise Gamgee,Elizabeth Bennet,Harry Potter,Scarlett OHara
Scarlett OHara,Harry Potter,Elizabeth Bennet,Samwise Gamgee
